{"cameraMode":{"drawMode":0,"name":"Shaded","section":"Shading Mode"},"sceneLighting":true,"audioPlay":false,"sceneViewState":{"showFog":true,"showMaterialUpdate":false,"showSkybox":true,"showFlares":true,"showImageEffects":true,"showParticleSystems":true},"in2DMode":false,"pivot":{"x":1.2030320167541505,"y":1.5734553926449736e-7,"z":-0.30974870920181277},"rotation":{"x":0.3489229679107666,"y":0.11763785034418106,"z":-0.04419838637113571,"w":0.9286874532699585},"size":7.288236618041992,"orthographic":false}